"continent","n","mean","sd","lower","upper"
"Africa",624,9916003.14262821,15490923.3245058,9295867.94445589,10536134.4208005
"Americas",300,24504794.9966667,50979430.2047641,21561494.2614812,27448091.8118521
"Asia",396,77038721.9722222,206885204.615875,66642347.3093925,87435092.7150519
"Europe",360,17169764.7333333,20519437.6481993,16088293.452098,18251232.0945686
"Oceania",24,8874672.33333333,6506342.467913,7546568.77848438,10202771.9681823
